actual_distance_m,sample_1,sample_2,sample_3,sample_4,sample_5,sample_6,sample_7,sample_8,sample_9,sample_10,sample_11,sample_12,sample_13,sample_14,sample_15,sample_16,sample_17,sample_18,sample_19,sample_20,sample_21,sample_22,sample_23,sample_24,sample_25,sample_26,sample_27,sample_28,sample_29,sample_30
0.1000,0.119000,0.111000,0.109000,0.119000,0.117000,0.121000,0.117000,0.126000,0.120000,0.116000,0.116000,0.117000,0.119000,0.117000,0.110000,0.117000,0.118000,0.110000,0.123000,0.116000,0.117000,0.120000,0.107000,0.133000,0.122000,0.122000,0.118000,0.114000,0.124000,0.120000
0.1050,0.120000,0.121000,0.128000,0.129000,0.119000,0.121000,0.115000,0.131000,0.126000,0.131000,0.129000,0.129000,0.129000,0.129000,0.114000,0.124000,0.130000,0.130000,0.125000,0.131000,0.116000,0.120000,0.127000,0.130000,0.118000,0.125000,0.133000,0.126000,0.123000,0.129000
0.1100,0.141000,0.131000,0.130000,0.137000,0.133000,0.138000,0.124000,0.138000,0.136000,0.126000,0.137000,0.130000,0.132000,0.129000,0.125000,0.136000,0.126000,0.134000,0.144000,0.127000,0.130000,0.123000,0.128000,0.133000,0.132000,0.125000,0.135000,0.133000,0.127000,0.132000
0.1150,0.143000,0.131000,0.142000,0.138000,0.132000,0.134000,0.135000,0.137000,0.139000,0.141000,0.131000,0.145000,0.132000,0.134000,0.141000,0.139000,0.136000,0.136000,0.136000,0.131000,0.132000,0.135000,0.132000,0.135000,0.134000,0.133000,0.142000,0.134000,0.132000,0.127000
